,Unnamed: 0,sense,video_file_name,object_1,object_2
0,0,along_position,1.mp4,yellow Cube,purple Track
1,1,along_position,2.mp4,yellow Cube,red Track
2,2,along_position,3.mp4,yellow Cube,red Track
3,3,along_position,4.mp4,green Torus,orange Track
4,4,along_position,5.mp4,dark blue Capsule,green Track
5,5,along_position,6.mp4,yellow Cylinder,dark blue Track
6,6,along_position,7.mp4,dark blue Arch,light blue Track
7,7,along_position,8.mp4,light blue Cone,yellow Track
8,8,along_position,9.mp4,orange Cone,green Track
9,9,along_position,10.mp4,green Torus,light blue Track
10,10,along_position,11.mp4,yellow Cube,green Track
11,11,along_position,12.mp4,dark grey Pipe,light blue Track
12,12,along_position,13.mp4,dark grey Sphere,light blue Track
13,13,along_position,14.mp4,dark blue Arch,dark grey Track
14,14,along_position,15.mp4,dark grey Sphere,yellow Track
15,15,along_position,16.mp4,yellow Cone,red Track
16,16,along_position,17.mp4,purple Cube,orange Track
17,17,along_position,18.mp4,yellow Arch,orange Track
18,18,along_position,19.mp4,red Capsule,dark blue Track
19,19,along_position,20.mp4,dark blue Cube,green Track
20,20,along_position,21.mp4,purple Cone,yellow Track
21,21,along_position,22.mp4,green Pipe,dark blue Track
22,22,along_position,23.mp4,purple Capsule,light blue Track
23,23,along_position,24.mp4,orange Torus,yellow Track
24,24,along_position,25.mp4,dark blue Pipe,orange Track
25,25,along_position,26.mp4,green Cylinder,orange Track
26,26,along_position,27.mp4,light blue Cone,purple Track
27,27,along_position,28.mp4,green Cube,purple Track
28,28,along_position,29.mp4,purple Torus,light blue Track
29,29,along_position,30.mp4,yellow Cube,dark blue Track
30,30,along_position,31.mp4,yellow Cube,dark grey Track
31,31,along_position,32.mp4,green Arch,dark grey Track
32,32,along_position,33.mp4,light blue Torus,green Track
33,33,along_position,34.mp4,purple Cone,red Track
34,34,along_position,35.mp4,orange Cube,red Track
35,35,along_position,36.mp4,dark blue Cylinder,dark grey Track
36,36,along_position,37.mp4,dark grey Sphere,dark blue Track
37,37,along_position,38.mp4,yellow Cone,dark grey Track
38,38,along_position,39.mp4,orange Sphere,purple Track
39,39,along_position,40.mp4,light blue Cone,yellow Track
40,40,along_position,41.mp4,dark blue Torus,red Track
41,41,along_position,42.mp4,orange Cube,light blue Track
42,42,along_position,43.mp4,orange Pipe,dark grey Track
43,43,along_position,44.mp4,light blue Cube,dark grey Track
44,44,along_position,45.mp4,purple Cylinder,green Track
45,45,along_position,46.mp4,dark grey Pipe,green Track
46,46,along_position,47.mp4,light blue Cube,red Track
47,47,along_position,48.mp4,yellow Pipe,dark blue Track
48,48,along_position,49.mp4,light blue Cylinder,yellow Track
49,49,along_position,50.mp4,purple Pipe,dark grey Track
50,50,along_position,51.mp4,dark grey Arch,light blue Track
51,51,along_position,52.mp4,green Cylinder,dark blue Track
52,52,along_position,53.mp4,light blue Cone,green Track
53,53,along_position,54.mp4,green Cone,red Track
54,54,along_position,55.mp4,dark grey Prism,purple Track
55,55,along_position,56.mp4,purple Sphere,red Track
56,56,along_position,57.mp4,light blue Cube,orange Track
57,57,along_position,58.mp4,orange Torus,yellow Track
58,58,along_position,59.mp4,yellow Cylinder,dark blue Track
59,59,along_position,60.mp4,red Sphere,yellow Track
60,60,along_position,61.mp4,yellow Capsule,dark blue Track
61,61,along_position,62.mp4,green Cone,yellow Track
62,62,along_position,63.mp4,dark grey Cone,yellow Track
63,63,along_position,64.mp4,orange Cube,red Track
64,64,along_position,65.mp4,dark blue Prism,red Track
65,65,along_position,66.mp4,dark blue Cone,green Track
66,66,along_position,67.mp4,orange Capsule,green Track
67,67,along_position,68.mp4,light blue Pipe,yellow Track
68,68,along_position,69.mp4,dark blue Arch,red Track
69,69,along_position,70.mp4,dark blue Arch,yellow Track
70,70,along_position,71.mp4,light blue Torus,red Track
71,71,along_position,72.mp4,yellow Cone,green Track
72,72,along_position,73.mp4,red Torus,dark grey Track
73,73,along_position,74.mp4,yellow Cube,red Track
74,74,along_position,75.mp4,dark blue Cone,dark grey Track
75,75,along_position,76.mp4,orange Prism,light blue Track
76,76,along_position,77.mp4,yellow Cone,green Track
77,77,along_position,78.mp4,yellow Cone,orange Track
78,78,along_position,79.mp4,green Torus,purple Track
79,79,along_position,80.mp4,light blue Arch,red Track
80,80,along_position,81.mp4,red Cube,dark grey Track
81,81,along_position,82.mp4,red Arch,yellow Track
82,82,along_position,83.mp4,green Pipe,dark blue Track
83,83,along_position,84.mp4,dark blue Sphere,dark grey Track
84,84,along_position,85.mp4,orange Torus,purple Track
85,85,along_position,86.mp4,red Cube,orange Track
86,86,along_position,87.mp4,yellow Capsule,dark grey Track
87,87,along_position,88.mp4,green Sphere,purple Track
88,88,along_position,89.mp4,light blue Arch,orange Track
89,89,along_position,90.mp4,orange Capsule,green Track
90,90,along_position,91.mp4,red Sphere,green Track
91,91,along_position,92.mp4,dark grey Arch,light blue Track
92,92,along_position,93.mp4,purple Capsule,red Track
93,93,along_position,94.mp4,dark grey Pipe,yellow Track
94,94,along_position,95.mp4,orange Cylinder,red Track
95,95,along_position,96.mp4,green Arch,light blue Track
96,96,along_position,97.mp4,yellow Pipe,dark grey Track
97,97,along_position,98.mp4,light blue Cone,red Track
98,98,along_position,99.mp4,red Sphere,yellow Track
99,99,along_position,100.mp4,light blue Arch,red Track
100,100,along_position,101.mp4,dark blue Cylinder,green Track
101,101,along_position,102.mp4,yellow Cylinder,dark grey Track
102,102,along_position,103.mp4,light blue Torus,purple Track
103,103,along_position,104.mp4,purple Prism,yellow Track
104,104,along_position,105.mp4,light blue Sphere,purple Track
105,105,along_position,106.mp4,dark grey Torus,light blue Track
106,106,along_position,107.mp4,dark grey Pipe,red Track
107,107,along_position,108.mp4,purple Sphere,light blue Track
108,108,along_position,109.mp4,orange Cylinder,purple Track
109,109,along_position,110.mp4,orange Prism,green Track
110,110,along_position,111.mp4,purple Cylinder,green Track
111,111,along_position,112.mp4,purple Prism,orange Track
112,112,along_position,113.mp4,green Pipe,purple Track
113,113,along_position,114.mp4,dark blue Cone,light blue Track
114,114,along_position,115.mp4,dark blue Prism,red Track
115,115,along_position,116.mp4,orange Sphere,light blue Track
116,116,along_position,117.mp4,dark grey Sphere,light blue Track
117,117,along_position,118.mp4,dark blue Arch,dark grey Track
118,118,along_position,119.mp4,green Capsule,purple Track
119,119,along_position,120.mp4,dark grey Torus,green Track
120,120,along_position,121.mp4,purple Torus,light blue Track
121,121,along_position,122.mp4,dark grey Cylinder,yellow Track
122,122,along_position,123.mp4,green Cube,light blue Track
123,123,along_position,124.mp4,dark grey Cylinder,green Track
124,124,along_position,125.mp4,yellow Sphere,red Track
125,125,along_position,126.mp4,purple Cylinder,yellow Track
126,126,along_position,127.mp4,green Capsule,dark blue Track
127,127,along_position,128.mp4,dark blue Torus,green Track
128,128,along_position,129.mp4,green Cube,light blue Track
129,129,along_position,130.mp4,red Torus,light blue Track
130,130,along_position,131.mp4,purple Arch,green Track
131,131,along_position,132.mp4,green Sphere,purple Track
132,132,along_position,133.mp4,light blue Arch,red Track
133,133,along_position,134.mp4,green Prism,red Track
134,134,along_position,135.mp4,green Cylinder,yellow Track
135,135,along_position,136.mp4,red Capsule,dark blue Track
136,136,along_position,137.mp4,red Prism,yellow Track
137,137,along_position,138.mp4,green Arch,orange Track
138,138,along_position,139.mp4,orange Cylinder,dark blue Track
139,139,along_position,140.mp4,purple Cone,green Track
140,140,along_position,141.mp4,red Cylinder,green Track
141,141,along_position,142.mp4,purple Pipe,orange Track
142,142,along_position,143.mp4,purple Cube,orange Track
143,143,along_position,144.mp4,dark grey Arch,red Track
144,144,along_position,145.mp4,dark grey Pipe,purple Track
145,145,along_position,146.mp4,purple Capsule,dark grey Track
146,146,along_position,147.mp4,dark grey Arch,yellow Track
147,147,along_position,148.mp4,green Arch,yellow Track
148,148,along_position,149.mp4,dark blue Pipe,purple Track
149,149,along_position,150.mp4,red Cone,purple Track
150,150,along_position,151.mp4,dark grey Capsule,purple Track
151,151,along_position,152.mp4,orange Arch,dark blue Track
152,152,along_position,153.mp4,dark grey Sphere,green Track
153,153,along_position,154.mp4,dark grey Arch,purple Track
154,154,along_position,155.mp4,orange Arch,dark blue Track
155,155,along_position,156.mp4,light blue Capsule,dark grey Track
156,156,along_position,157.mp4,orange Cube,purple Track
157,157,along_position,158.mp4,purple Sphere,red Track
158,158,along_position,159.mp4,light blue Sphere,purple Track
159,159,along_position,160.mp4,dark blue Arch,yellow Track
160,160,along_position,161.mp4,light blue Torus,red Track
161,161,along_position,162.mp4,dark blue Arch,yellow Track
162,162,along_position,163.mp4,dark blue Arch,dark grey Track
163,163,along_position,164.mp4,purple Torus,red Track
164,164,along_position,165.mp4,orange Prism,red Track
165,165,along_position,166.mp4,yellow Torus,light blue Track
166,166,along_position,167.mp4,dark grey Prism,orange Track
167,167,along_position,168.mp4,orange Capsule,yellow Track
168,168,along_position,169.mp4,dark grey Cone,green Track
169,169,along_position,170.mp4,dark grey Cylinder,red Track
170,170,along_position,171.mp4,green Prism,yellow Track
171,171,along_position,172.mp4,dark blue Cylinder,dark grey Track
172,172,along_position,173.mp4,light blue Sphere,orange Track
173,173,along_position,174.mp4,dark grey Sphere,purple Track
174,174,along_position,175.mp4,light blue Cylinder,red Track
175,175,along_position,176.mp4,purple Cube,red Track
176,176,along_position,177.mp4,red Cone,dark blue Track
177,177,along_position,178.mp4,yellow Torus,light blue Track
178,178,along_position,179.mp4,orange Arch,dark blue Track
179,179,along_position,180.mp4,dark grey Capsule,red Track
180,180,along_position,181.mp4,dark blue Capsule,light blue Track
181,181,along_position,182.mp4,green Pipe,light blue Track
182,182,along_position,183.mp4,light blue Pipe,purple Track
183,183,along_position,184.mp4,dark grey Sphere,orange Track
184,184,along_position,185.mp4,yellow Cylinder,red Track
185,185,along_position,186.mp4,dark grey Sphere,dark blue Track
186,186,along_position,187.mp4,dark blue Sphere,yellow Track
187,187,along_position,188.mp4,dark grey Cylinder,orange Track
188,188,along_position,189.mp4,light blue Capsule,dark grey Track
189,189,along_position,190.mp4,orange Pipe,green Track
190,190,along_position,191.mp4,green Sphere,red Track
191,191,along_position,192.mp4,dark blue Cylinder,red Track
192,192,along_position,193.mp4,purple Sphere,red Track
193,193,along_position,194.mp4,dark blue Pipe,orange Track
194,194,along_position,195.mp4,dark grey Cylinder,green Track
195,195,along_position,196.mp4,green Sphere,orange Track
196,196,along_position,197.mp4,yellow Cube,purple Track
197,197,along_position,198.mp4,red Cylinder,dark grey Track
198,198,along_position,199.mp4,orange Cylinder,purple Track
199,199,along_position,200.mp4,dark grey Sphere,orange Track
200,200,along_position,201.mp4,red Cone,green Track
201,201,along_position,202.mp4,dark blue Cone,dark grey Track
202,202,along_position,203.mp4,dark blue Pipe,purple Track
203,203,along_position,204.mp4,orange Torus,red Track
204,204,along_position,205.mp4,yellow Sphere,red Track
205,205,along_position,206.mp4,red Prism,yellow Track
206,206,along_position,207.mp4,purple Cube,yellow Track
207,207,along_position,208.mp4,orange Prism,dark grey Track
208,208,along_position,209.mp4,green Cube,purple Track
209,209,along_position,210.mp4,yellow Arch,orange Track
210,210,along_position,211.mp4,red Cone,dark grey Track
211,211,along_position,212.mp4,green Arch,dark blue Track
212,212,along_position,213.mp4,purple Prism,dark grey Track
213,213,along_position,214.mp4,orange Arch,dark blue Track
214,214,along_position,215.mp4,dark blue Prism,orange Track
215,215,along_position,216.mp4,dark blue Arch,dark grey Track
216,216,along_position,217.mp4,dark grey Cone,green Track
217,217,along_position,218.mp4,light blue Cube,purple Track
218,218,along_position,219.mp4,green Sphere,light blue Track
219,219,along_position,220.mp4,dark blue Prism,purple Track
220,220,along_position,221.mp4,red Capsule,yellow Track
221,221,along_position,222.mp4,yellow Prism,purple Track
222,222,along_position,223.mp4,purple Torus,dark grey Track
223,223,along_position,224.mp4,dark grey Sphere,light blue Track
224,224,along_position,225.mp4,dark blue Capsule,light blue Track
225,225,along_position,226.mp4,dark blue Capsule,orange Track
226,226,along_position,227.mp4,dark grey Capsule,red Track
227,227,along_position,228.mp4,yellow Sphere,dark blue Track
228,228,along_position,229.mp4,dark grey Capsule,orange Track
229,229,along_position,230.mp4,yellow Torus,light blue Track
230,230,along_position,231.mp4,green Cube,purple Track
231,231,along_position,232.mp4,red Capsule,purple Track
232,232,along_position,233.mp4,dark blue Capsule,purple Track
233,233,along_position,234.mp4,yellow Capsule,purple Track
234,234,along_position,235.mp4,dark blue Prism,green Track
235,235,along_position,236.mp4,green Pipe,dark blue Track
236,236,along_position,237.mp4,dark grey Pipe,purple Track
237,237,along_position,238.mp4,red Sphere,dark blue Track
238,238,along_position,239.mp4,red Sphere,orange Track
239,239,along_position,240.mp4,orange Arch,green Track
240,240,along_position,241.mp4,dark grey Prism,green Track
241,241,along_position,242.mp4,green Pipe,purple Track
242,242,along_position,243.mp4,red Cone,green Track
243,243,along_position,244.mp4,dark grey Capsule,orange Track
244,244,along_position,245.mp4,red Torus,green Track
245,245,along_position,246.mp4,dark grey Torus,red Track
246,246,along_position,247.mp4,yellow Sphere,green Track
247,247,along_position,248.mp4,dark blue Cube,orange Track
248,248,along_position,249.mp4,green Prism,dark blue Track
249,249,along_position,250.mp4,yellow Pipe,light blue Track
250,250,along_position,251.mp4,orange Cube,purple Track
251,251,along_position,252.mp4,purple Sphere,red Track
252,252,along_position,253.mp4,dark blue Cube,light blue Track
253,253,along_position,254.mp4,light blue Cone,dark grey Track
254,254,along_position,255.mp4,orange Cylinder,red Track
255,255,along_position,256.mp4,purple Pipe,light blue Track
256,256,along_position,257.mp4,dark grey Torus,yellow Track
257,257,along_position,258.mp4,purple Cube,light blue Track
258,258,along_position,259.mp4,purple Arch,dark grey Track
259,259,along_position,260.mp4,red Arch,green Track
260,260,along_position,261.mp4,green Capsule,yellow Track
261,261,along_position,262.mp4,orange Pipe,red Track
262,262,along_position,263.mp4,green Pipe,dark blue Track
263,263,along_position,264.mp4,green Capsule,purple Track
264,264,along_position,265.mp4,dark grey Arch,purple Track
265,265,along_position,266.mp4,dark grey Prism,red Track
266,266,along_position,267.mp4,dark grey Torus,purple Track
267,267,along_position,268.mp4,purple Arch,yellow Track
268,268,along_position,269.mp4,yellow Sphere,light blue Track
269,269,along_position,270.mp4,purple Cube,dark grey Track
270,270,along_position,271.mp4,dark blue Prism,green Track
271,271,along_position,272.mp4,yellow Prism,dark grey Track
272,272,along_position,273.mp4,red Cylinder,yellow Track
273,273,along_position,274.mp4,red Arch,green Track
274,274,along_position,275.mp4,dark grey Pipe,yellow Track
275,275,along_position,276.mp4,light blue Cone,yellow Track
276,276,along_position,277.mp4,yellow Cube,light blue Track
277,277,along_position,278.mp4,green Sphere,dark grey Track
278,278,along_position,279.mp4,green Cube,dark blue Track
279,279,along_position,280.mp4,dark blue Cone,green Track
280,280,along_position,281.mp4,purple Cube,yellow Track
281,281,along_position,282.mp4,dark grey Pipe,yellow Track
282,282,along_position,283.mp4,dark blue Sphere,yellow Track
283,283,along_position,284.mp4,yellow Torus,light blue Track
284,284,along_position,285.mp4,yellow Cube,light blue Track
285,285,along_position,286.mp4,red Torus,light blue Track
286,286,along_position,287.mp4,light blue Prism,yellow Track
287,287,along_position,288.mp4,light blue Cube,orange Track
288,288,along_position,289.mp4,green Cylinder,dark grey Track
289,289,along_position,290.mp4,yellow Capsule,green Track
290,290,along_position,291.mp4,red Pipe,orange Track
291,291,along_position,292.mp4,light blue Sphere,yellow Track
292,292,along_position,293.mp4,red Capsule,green Track
293,293,along_position,294.mp4,orange Sphere,light blue Track
294,294,along_position,295.mp4,orange Capsule,dark grey Track
295,295,along_position,296.mp4,dark blue Prism,red Track
296,296,along_position,297.mp4,green Cube,red Track
297,297,along_position,298.mp4,dark grey Arch,dark blue Track
298,298,along_position,299.mp4,orange Cube,purple Track
299,299,along_position,300.mp4,dark blue Sphere,red Track
300,300,along_position,301.mp4,light blue Prism,yellow Track
301,301,along_position,302.mp4,green Arch,dark grey Track
302,302,along_position,303.mp4,red Cylinder,orange Track
303,303,along_position,304.mp4,dark blue Torus,dark grey Track
304,304,along_position,305.mp4,red Cone,green Track
305,305,along_position,306.mp4,orange Torus,green Track
306,306,along_position,307.mp4,light blue Sphere,green Track
307,307,along_position,308.mp4,green Cube,yellow Track
308,308,along_position,309.mp4,dark grey Prism,dark blue Track
309,309,along_position,310.mp4,purple Cylinder,red Track
310,310,along_position,311.mp4,light blue Cube,dark grey Track
311,311,along_position,312.mp4,dark blue Capsule,red Track
312,312,along_position,313.mp4,dark grey Torus,dark blue Track
313,313,along_position,314.mp4,red Cone,purple Track
314,314,along_position,315.mp4,purple Cube,orange Track
315,315,along_position,316.mp4,orange Cube,green Track
316,316,along_position,317.mp4,light blue Pipe,dark blue Track
317,317,along_position,318.mp4,dark grey Torus,light blue Track
318,318,along_position,319.mp4,yellow Capsule,red Track
319,319,along_position,320.mp4,dark blue Arch,orange Track
320,320,along_position,321.mp4,dark grey Torus,light blue Track
321,321,along_position,322.mp4,red Torus,orange Track
322,322,along_position,323.mp4,light blue Torus,green Track
323,323,along_position,324.mp4,dark grey Prism,light blue Track
324,324,along_position,325.mp4,dark grey Cone,dark blue Track
325,325,along_position,326.mp4,orange Torus,light blue Track
326,326,along_position,327.mp4,orange Cone,dark blue Track
327,327,along_position,328.mp4,yellow Cube,orange Track
328,328,along_position,329.mp4,dark grey Capsule,green Track
329,329,along_position,330.mp4,light blue Cone,orange Track
330,330,along_position,331.mp4,orange Sphere,purple Track
331,331,along_position,332.mp4,light blue Cone,green Track
332,332,along_position,333.mp4,light blue Cylinder,dark grey Track
333,333,along_position,334.mp4,orange Arch,green Track
334,334,along_position,335.mp4,purple Prism,red Track
335,335,along_position,336.mp4,light blue Cylinder,yellow Track
336,336,along_position,337.mp4,dark grey Prism,purple Track
337,337,along_position,338.mp4,yellow Arch,purple Track
338,338,along_position,339.mp4,light blue Arch,red Track
339,339,along_position,340.mp4,purple Sphere,yellow Track
340,340,along_position,341.mp4,dark blue Pipe,yellow Track
341,341,along_position,342.mp4,purple Cone,yellow Track
342,342,along_position,343.mp4,dark grey Sphere,light blue Track
343,343,along_position,344.mp4,purple Cylinder,yellow Track
344,344,along_position,345.mp4,orange Cone,dark blue Track
345,345,along_position,346.mp4,yellow Cylinder,dark blue Track
346,346,along_position,347.mp4,green Capsule,dark blue Track
347,347,along_position,348.mp4,green Torus,purple Track
348,348,along_position,349.mp4,purple Cube,dark blue Track
349,349,along_position,350.mp4,light blue Cube,orange Track
350,350,along_position,351.mp4,yellow Arch,red Track
351,351,along_position,352.mp4,light blue Cylinder,dark blue Track
352,352,along_position,353.mp4,dark blue Pipe,dark grey Track
353,353,along_position,354.mp4,green Prism,orange Track
354,354,along_position,355.mp4,purple Arch,dark blue Track
355,355,along_position,356.mp4,light blue Torus,yellow Track
356,356,along_position,357.mp4,red Cylinder,light blue Track
357,357,along_position,358.mp4,orange Sphere,dark grey Track
358,358,along_position,359.mp4,yellow Arch,dark grey Track
359,359,along_position,360.mp4,green Cylinder,light blue Track
360,360,along_position,361.mp4,light blue Torus,orange Track
361,361,along_position,362.mp4,orange Torus,purple Track
362,362,along_position,363.mp4,red Pipe,orange Track
363,363,along_position,364.mp4,dark grey Cylinder,yellow Track
364,364,along_position,365.mp4,light blue Arch,red Track
365,365,along_position,366.mp4,dark blue Capsule,purple Track
366,366,along_position,367.mp4,green Prism,orange Track
367,367,along_position,368.mp4,purple Sphere,dark grey Track
368,368,along_position,369.mp4,dark grey Cylinder,yellow Track
369,369,along_position,370.mp4,yellow Cylinder,dark grey Track
370,370,along_position,371.mp4,red Pipe,purple Track
371,371,along_position,372.mp4,yellow Prism,orange Track
372,372,along_position,373.mp4,dark grey Capsule,orange Track
373,373,along_position,374.mp4,yellow Cube,light blue Track
374,374,along_position,375.mp4,green Cylinder,light blue Track
375,375,along_position,376.mp4,light blue Arch,dark blue Track
376,376,along_position,377.mp4,dark blue Capsule,yellow Track
377,377,along_position,378.mp4,purple Cone,orange Track
378,378,along_position,379.mp4,purple Prism,light blue Track
379,379,along_position,380.mp4,light blue Pipe,dark blue Track
380,380,along_position,381.mp4,orange Torus,purple Track
381,381,along_position,382.mp4,orange Capsule,dark blue Track
382,382,along_position,383.mp4,dark blue Cube,red Track
383,383,along_position,384.mp4,dark blue Cube,green Track
384,384,along_position,385.mp4,dark blue Prism,yellow Track
385,385,along_position,386.mp4,yellow Cylinder,dark grey Track
386,386,along_position,387.mp4,red Sphere,dark blue Track
387,387,along_position,388.mp4,dark blue Pipe,dark grey Track
388,388,along_position,389.mp4,orange Pipe,yellow Track
389,389,along_position,390.mp4,red Cube,green Track
390,390,along_position,391.mp4,red Cube,dark grey Track
391,391,along_position,392.mp4,light blue Arch,orange Track
392,392,along_position,393.mp4,purple Prism,dark grey Track
393,393,along_position,394.mp4,light blue Torus,purple Track
394,394,along_position,395.mp4,yellow Prism,red Track
395,395,along_position,396.mp4,red Capsule,purple Track
396,396,along_position,397.mp4,purple Prism,light blue Track
397,397,along_position,398.mp4,red Cylinder,dark grey Track
398,398,along_position,399.mp4,light blue Capsule,orange Track
399,399,along_position,400.mp4,purple Cone,yellow Track
400,400,along_position,401.mp4,dark grey Pipe,red Track
401,401,along_position,402.mp4,yellow Prism,purple Track
402,402,along_position,403.mp4,light blue Prism,orange Track
403,403,along_position,404.mp4,red Prism,dark blue Track
404,404,along_position,405.mp4,dark grey Capsule,orange Track
405,405,along_position,406.mp4,orange Arch,yellow Track
406,406,along_position,407.mp4,light blue Sphere,red Track
407,407,along_position,408.mp4,yellow Pipe,orange Track
408,408,along_position,409.mp4,orange Cone,purple Track
409,409,along_position,410.mp4,green Cone,orange Track
410,410,along_position,411.mp4,orange Sphere,dark blue Track
411,411,along_position,412.mp4,green Capsule,dark grey Track
412,412,along_position,413.mp4,yellow Cube,red Track
413,413,along_position,414.mp4,red Torus,purple Track
414,414,along_position,415.mp4,purple Sphere,orange Track
415,415,along_position,416.mp4,purple Prism,dark blue Track
416,416,along_position,417.mp4,dark blue Cube,orange Track
417,417,along_position,418.mp4,yellow Capsule,green Track
418,418,along_position,419.mp4,light blue Pipe,red Track
419,419,along_position,420.mp4,dark blue Cylinder,dark grey Track
420,420,along_position,421.mp4,light blue Sphere,orange Track
421,421,along_position,422.mp4,dark grey Cube,orange Track
422,422,along_position,423.mp4,orange Prism,yellow Track
423,423,along_position,424.mp4,dark grey Arch,dark blue Track
424,424,along_position,425.mp4,dark blue Cone,yellow Track
425,425,along_position,426.mp4,purple Cube,dark grey Track
426,426,along_position,427.mp4,red Arch,dark blue Track
427,427,along_position,428.mp4,green Cone,dark grey Track
428,428,along_position,429.mp4,purple Capsule,yellow Track
429,429,along_position,430.mp4,red Cube,dark blue Track
430,430,along_position,431.mp4,dark blue Sphere,light blue Track
431,431,along_position,432.mp4,orange Cube,purple Track
432,432,along_position,433.mp4,dark blue Cone,orange Track
433,433,along_position,434.mp4,dark grey Cylinder,red Track
434,434,along_position,435.mp4,yellow Arch,green Track
435,435,along_position,436.mp4,dark blue Pipe,red Track
436,436,along_position,437.mp4,dark blue Cone,green Track
437,437,along_position,438.mp4,orange Pipe,purple Track
438,438,along_position,439.mp4,green Pipe,orange Track
439,439,along_position,440.mp4,orange Cylinder,purple Track
440,440,along_position,441.mp4,red Cylinder,purple Track
441,441,along_position,442.mp4,purple Pipe,yellow Track
442,442,along_position,443.mp4,purple Cone,yellow Track
443,443,along_position,444.mp4,dark blue Cylinder,purple Track
444,444,along_position,445.mp4,green Prism,purple Track
445,445,along_position,446.mp4,dark grey Pipe,green Track
446,446,along_position,447.mp4,dark grey Sphere,green Track
447,447,along_position,448.mp4,light blue Arch,dark blue Track
448,448,along_position,449.mp4,orange Cube,dark blue Track
449,449,along_position,450.mp4,red Prism,yellow Track
450,450,along_position,451.mp4,light blue Torus,red Track
451,451,along_position,452.mp4,dark grey Arch,purple Track
452,452,along_position,453.mp4,red Prism,yellow Track
453,453,along_position,454.mp4,orange Cone,yellow Track
454,454,along_position,455.mp4,orange Cube,purple Track
455,455,along_position,456.mp4,red Cone,green Track
456,456,along_position,457.mp4,dark blue Cube,yellow Track
457,457,along_position,458.mp4,green Arch,yellow Track
458,458,along_position,459.mp4,dark grey Prism,yellow Track
459,459,along_position,460.mp4,dark blue Arch,yellow Track
460,460,along_position,461.mp4,red Pipe,purple Track
461,461,along_position,462.mp4,dark grey Cube,light blue Track
462,462,along_position,463.mp4,red Torus,light blue Track
463,463,along_position,464.mp4,purple Cone,dark blue Track
464,464,along_position,465.mp4,dark grey Sphere,orange Track
465,465,along_position,466.mp4,dark blue Arch,light blue Track
466,466,along_position,467.mp4,purple Prism,dark blue Track
467,467,along_position,468.mp4,red Cylinder,yellow Track
468,468,along_position,469.mp4,dark grey Cube,orange Track
469,469,along_position,470.mp4,yellow Sphere,dark blue Track
470,470,along_position,471.mp4,orange Torus,dark grey Track
471,471,along_position,472.mp4,dark grey Arch,purple Track
472,472,along_position,473.mp4,yellow Arch,green Track
473,473,along_position,474.mp4,green Pipe,dark grey Track
474,474,along_position,475.mp4,yellow Cone,dark blue Track
475,475,along_position,476.mp4,purple Cone,dark grey Track
476,476,along_position,477.mp4,dark grey Pipe,dark blue Track
477,477,along_position,478.mp4,orange Pipe,red Track
478,478,along_position,479.mp4,orange Cylinder,light blue Track
479,479,along_position,480.mp4,green Torus,yellow Track
480,480,along_position,481.mp4,dark blue Arch,green Track
481,481,along_position,482.mp4,light blue Cylinder,green Track
482,482,along_position,483.mp4,dark grey Prism,purple Track
483,483,along_position,484.mp4,orange Cone,dark blue Track
484,484,along_position,485.mp4,orange Torus,red Track
485,485,along_position,486.mp4,light blue Torus,orange Track
486,486,along_position,487.mp4,dark blue Arch,green Track
487,487,along_position,488.mp4,purple Pipe,yellow Track
488,488,along_position,489.mp4,yellow Sphere,dark grey Track
489,489,along_position,490.mp4,dark blue Cylinder,green Track
490,490,along_position,491.mp4,orange Prism,purple Track
491,491,along_position,492.mp4,yellow Prism,green Track
492,492,along_position,493.mp4,yellow Cone,purple Track
493,493,along_position,494.mp4,orange Cube,dark blue Track
494,494,along_position,495.mp4,light blue Sphere,orange Track
495,495,along_position,496.mp4,red Pipe,orange Track
496,496,along_position,497.mp4,light blue Cube,green Track
497,497,along_position,498.mp4,orange Sphere,light blue Track
498,498,along_position,499.mp4,dark blue Capsule,red Track
499,499,along_position,500.mp4,yellow Prism,dark grey Track
500,500,along_position,501.mp4,purple Capsule,green Track
501,501,along_position,502.mp4,dark grey Cylinder,purple Track
502,502,along_position,503.mp4,light blue Pipe,dark grey Track
503,503,along_position,504.mp4,purple Cone,green Track
504,504,along_position,505.mp4,orange Capsule,dark grey Track
505,505,along_position,506.mp4,dark grey Torus,purple Track
506,506,along_position,507.mp4,purple Sphere,red Track
507,507,along_position,508.mp4,orange Prism,yellow Track
508,508,along_position,509.mp4,green Cone,orange Track
509,509,along_position,510.mp4,dark grey Arch,red Track
510,510,along_position,511.mp4,red Torus,light blue Track
511,511,along_position,512.mp4,light blue Cone,purple Track
512,512,along_position,513.mp4,dark blue Pipe,orange Track
513,513,along_position,514.mp4,red Sphere,green Track
514,514,along_position,515.mp4,orange Cone,light blue Track
515,515,along_position,516.mp4,red Arch,light blue Track
516,516,along_position,517.mp4,purple Cone,orange Track
517,517,along_position,518.mp4,red Sphere,green Track
518,518,along_position,519.mp4,dark blue Pipe,orange Track
519,519,along_position,520.mp4,dark grey Prism,dark blue Track
520,520,along_position,521.mp4,dark grey Arch,yellow Track
521,521,along_position,522.mp4,purple Arch,red Track
522,522,along_position,523.mp4,red Pipe,dark grey Track
523,523,along_position,524.mp4,yellow Torus,dark blue Track
524,524,along_position,525.mp4,dark blue Cylinder,red Track
525,525,along_position,526.mp4,dark blue Capsule,green Track
526,526,along_position,527.mp4,dark grey Pipe,purple Track
527,527,along_position,528.mp4,dark grey Cube,light blue Track
528,528,along_position,529.mp4,red Torus,yellow Track
529,529,along_position,530.mp4,dark grey Arch,dark blue Track
530,530,along_position,531.mp4,red Capsule,yellow Track
531,531,along_position,532.mp4,yellow Torus,red Track
532,532,along_position,533.mp4,red Torus,light blue Track
533,533,along_position,534.mp4,red Cylinder,yellow Track
534,534,along_position,535.mp4,green Cone,yellow Track
535,535,along_position,536.mp4,green Cone,red Track
536,536,along_position,537.mp4,dark grey Prism,red Track
537,537,along_position,538.mp4,red Arch,dark grey Track
538,538,along_position,539.mp4,orange Sphere,dark blue Track
539,539,along_position,540.mp4,orange Cube,red Track
540,540,along_position,541.mp4,green Cylinder,yellow Track
541,541,along_position,542.mp4,orange Pipe,dark grey Track
542,542,along_position,543.mp4,red Cube,orange Track
543,543,along_position,544.mp4,orange Capsule,yellow Track
544,544,along_position,545.mp4,purple Pipe,dark grey Track
545,545,along_position,546.mp4,red Prism,purple Track
546,546,along_position,547.mp4,dark grey Pipe,red Track
547,547,along_position,548.mp4,dark blue Capsule,yellow Track
548,548,along_position,549.mp4,dark grey Capsule,dark blue Track
549,549,along_position,550.mp4,light blue Prism,orange Track
550,550,along_position,551.mp4,dark blue Pipe,dark grey Track
551,551,along_position,552.mp4,purple Cylinder,yellow Track
552,552,along_position,553.mp4,light blue Pipe,orange Track
553,553,along_position,554.mp4,red Pipe,orange Track
554,554,along_position,555.mp4,green Cylinder,purple Track
555,555,along_position,556.mp4,red Cone,green Track
556,556,along_position,557.mp4,dark grey Arch,green Track
557,557,along_position,558.mp4,green Cube,yellow Track
558,558,along_position,559.mp4,orange Cone,red Track
559,559,along_position,560.mp4,dark blue Arch,red Track
560,560,along_position,561.mp4,light blue Capsule,orange Track
561,561,along_position,562.mp4,red Pipe,yellow Track
562,562,along_position,563.mp4,light blue Prism,dark grey Track
563,563,along_position,564.mp4,green Arch,light blue Track
564,564,along_position,565.mp4,dark blue Sphere,orange Track
565,565,along_position,566.mp4,purple Capsule,green Track
566,566,along_position,567.mp4,dark grey Cube,light blue Track
567,567,along_position,568.mp4,dark grey Cone,red Track
568,568,along_position,569.mp4,dark grey Cone,red Track
569,569,along_position,570.mp4,dark blue Cone,dark grey Track
570,570,along_position,571.mp4,orange Prism,red Track
571,571,along_position,572.mp4,dark grey Torus,red Track
572,572,along_position,573.mp4,orange Sphere,red Track
573,573,along_position,574.mp4,yellow Arch,dark blue Track
574,574,along_position,575.mp4,orange Capsule,green Track
575,575,along_position,576.mp4,red Cone,dark blue Track
576,576,along_position,577.mp4,purple Sphere,red Track
577,577,along_position,578.mp4,purple Sphere,light blue Track
578,578,along_position,579.mp4,dark grey Cube,yellow Track
579,579,along_position,580.mp4,red Prism,yellow Track
580,580,along_position,581.mp4,orange Cone,red Track
581,581,along_position,582.mp4,dark blue Cylinder,orange Track
582,582,along_position,583.mp4,red Arch,green Track
583,583,along_position,584.mp4,red Cylinder,green Track
584,584,along_position,585.mp4,purple Pipe,dark grey Track
585,585,along_position,586.mp4,purple Sphere,dark blue Track
586,586,along_position,587.mp4,purple Pipe,orange Track
587,587,along_position,588.mp4,purple Capsule,dark blue Track
588,588,along_position,589.mp4,dark grey Pipe,orange Track
589,589,along_position,590.mp4,yellow Prism,red Track
590,590,along_position,591.mp4,dark blue Prism,red Track
591,591,along_position,592.mp4,dark grey Torus,light blue Track
592,592,along_position,593.mp4,dark blue Cone,red Track
593,593,along_position,594.mp4,dark blue Torus,red Track
594,594,along_position,595.mp4,dark grey Arch,light blue Track
595,595,along_position,596.mp4,dark blue Capsule,green Track
596,596,along_position,597.mp4,red Prism,dark blue Track
597,597,along_position,598.mp4,yellow Sphere,orange Track
598,598,along_position,599.mp4,red Arch,light blue Track
599,599,along_position,600.mp4,purple Cone,light blue Track
600,600,along_position,601.mp4,purple Torus,light blue Track
601,601,along_position,602.mp4,light blue Prism,orange Track
602,602,along_position,603.mp4,yellow Sphere,green Track
603,603,along_position,604.mp4,purple Cylinder,green Track
604,604,along_position,605.mp4,red Torus,orange Track
605,605,along_position,606.mp4,green Capsule,dark grey Track
606,606,along_position,607.mp4,green Sphere,purple Track
607,607,along_position,608.mp4,yellow Arch,green Track
608,608,along_position,609.mp4,dark grey Cube,yellow Track
609,609,along_position,610.mp4,yellow Arch,green Track
610,610,along_position,611.mp4,red Cone,light blue Track
611,611,along_position,612.mp4,yellow Arch,orange Track
612,612,along_position,613.mp4,orange Capsule,dark grey Track
613,613,along_position,614.mp4,orange Cylinder,dark grey Track
614,614,along_position,615.mp4,yellow Capsule,light blue Track
615,615,along_position,616.mp4,red Pipe,dark blue Track
616,616,along_position,617.mp4,orange Prism,yellow Track
617,617,along_position,618.mp4,dark grey Cylinder,orange Track
618,618,along_position,619.mp4,light blue Sphere,green Track
619,619,along_position,620.mp4,light blue Torus,dark blue Track
620,620,along_position,621.mp4,orange Cone,purple Track
621,621,along_position,622.mp4,dark grey Prism,purple Track
622,622,along_position,623.mp4,purple Cylinder,light blue Track
623,623,along_position,624.mp4,orange Sphere,red Track
624,624,along_position,625.mp4,yellow Sphere,light blue Track
625,625,along_position,626.mp4,green Pipe,orange Track
626,626,along_position,627.mp4,purple Sphere,dark blue Track
627,627,along_position,628.mp4,dark grey Cube,purple Track
628,628,along_position,629.mp4,red Torus,light blue Track
629,629,along_position,630.mp4,orange Pipe,dark grey Track
630,630,along_position,631.mp4,dark blue Sphere,yellow Track
631,631,along_position,632.mp4,purple Capsule,orange Track
632,632,along_position,633.mp4,green Torus,yellow Track
633,633,along_position,634.mp4,yellow Capsule,red Track
634,634,along_position,635.mp4,red Prism,green Track
635,635,along_position,636.mp4,green Capsule,dark grey Track
636,636,along_position,637.mp4,light blue Prism,purple Track
637,637,along_position,638.mp4,light blue Cylinder,purple Track
638,638,along_position,639.mp4,yellow Torus,purple Track
639,639,along_position,640.mp4,dark blue Arch,dark grey Track
640,640,along_position,641.mp4,yellow Cube,red Track
641,641,along_position,642.mp4,dark blue Cube,red Track
642,642,along_position,643.mp4,yellow Torus,red Track
643,643,along_position,644.mp4,orange Cylinder,light blue Track
644,644,along_position,645.mp4,dark grey Cylinder,yellow Track
645,645,along_position,646.mp4,dark grey Pipe,orange Track
646,646,along_position,647.mp4,red Pipe,green Track
647,647,along_position,648.mp4,orange Arch,light blue Track
648,648,along_position,649.mp4,red Capsule,yellow Track
649,649,along_position,650.mp4,red Arch,orange Track
650,650,along_position,651.mp4,green Prism,orange Track
651,651,along_position,652.mp4,green Pipe,dark grey Track
652,652,along_position,653.mp4,purple Arch,green Track
653,653,along_position,654.mp4,light blue Torus,purple Track
654,654,along_position,655.mp4,light blue Cube,orange Track
655,655,along_position,656.mp4,dark blue Cylinder,light blue Track
656,656,along_position,657.mp4,yellow Prism,orange Track
657,657,along_position,658.mp4,purple Prism,yellow Track
658,658,along_position,659.mp4,green Arch,yellow Track
659,659,along_position,660.mp4,dark grey Cone,light blue Track
660,660,along_position,661.mp4,yellow Sphere,orange Track
661,661,along_position,662.mp4,red Sphere,dark blue Track
662,662,along_position,663.mp4,orange Torus,dark blue Track
663,663,along_position,664.mp4,purple Sphere,dark grey Track
664,664,along_position,665.mp4,red Pipe,light blue Track
665,665,along_position,666.mp4,yellow Arch,orange Track
666,666,along_position,667.mp4,dark blue Cone,orange Track
667,667,along_position,668.mp4,green Arch,dark blue Track
668,668,along_position,669.mp4,green Cone,yellow Track
669,669,along_position,670.mp4,red Arch,yellow Track
670,670,along_position,671.mp4,dark blue Prism,yellow Track
671,671,along_position,672.mp4,yellow Pipe,dark grey Track
672,672,along_position,673.mp4,yellow Cube,orange Track
673,673,along_position,674.mp4,dark blue Capsule,yellow Track
674,674,along_position,675.mp4,yellow Prism,red Track
675,675,along_position,676.mp4,green Pipe,orange Track
676,676,along_position,677.mp4,yellow Cylinder,red Track
677,677,along_position,678.mp4,dark grey Arch,yellow Track
678,678,along_position,679.mp4,red Prism,orange Track
679,679,along_position,680.mp4,purple Cone,dark grey Track
680,680,along_position,681.mp4,red Sphere,orange Track
681,681,along_position,682.mp4,green Torus,orange Track
682,682,along_position,683.mp4,orange Cone,red Track
683,683,along_position,684.mp4,purple Cylinder,dark grey Track
684,684,along_position,685.mp4,dark grey Cylinder,orange Track
685,685,along_position,686.mp4,purple Cube,orange Track
686,686,along_position,687.mp4,green Arch,red Track
687,687,along_position,688.mp4,dark grey Cone,green Track
688,688,along_position,689.mp4,red Cone,yellow Track
689,689,along_position,690.mp4,red Sphere,dark grey Track
690,690,along_position,691.mp4,orange Capsule,dark blue Track
691,691,along_position,692.mp4,light blue Cube,dark grey Track
692,692,along_position,693.mp4,green Cylinder,red Track
693,693,along_position,694.mp4,dark grey Cube,yellow Track
694,694,along_position,695.mp4,dark grey Prism,light blue Track
695,695,along_position,696.mp4,green Capsule,light blue Track
696,696,along_position,697.mp4,orange Cone,light blue Track
697,697,along_position,698.mp4,red Torus,dark blue Track
698,698,along_position,699.mp4,green Cube,dark blue Track
699,699,along_position,700.mp4,light blue Cone,green Track
700,700,along_position,701.mp4,purple Cone,dark grey Track
701,701,along_position,702.mp4,yellow Sphere,purple Track
702,702,along_position,703.mp4,dark blue Cone,dark grey Track
703,703,along_position,704.mp4,orange Pipe,dark grey Track
704,704,along_position,705.mp4,red Arch,dark blue Track
705,705,along_position,706.mp4,purple Capsule,orange Track
706,706,along_position,707.mp4,purple Arch,red Track
707,707,along_position,708.mp4,purple Cube,orange Track
708,708,along_position,709.mp4,light blue Capsule,green Track
709,709,along_position,710.mp4,orange Torus,red Track
710,710,along_position,711.mp4,yellow Cube,dark blue Track
711,711,along_position,712.mp4,light blue Cube,yellow Track
712,712,along_position,713.mp4,orange Pipe,dark grey Track
713,713,along_position,714.mp4,dark grey Prism,orange Track
714,714,along_position,715.mp4,red Prism,green Track
715,715,along_position,716.mp4,red Capsule,light blue Track
716,716,along_position,717.mp4,orange Cylinder,red Track
717,717,along_position,718.mp4,light blue Cone,dark blue Track
718,718,along_position,719.mp4,purple Capsule,dark blue Track
719,719,along_position,720.mp4,dark grey Capsule,red Track
720,720,along_position,721.mp4,orange Capsule,purple Track
721,721,along_position,722.mp4,green Sphere,purple Track
722,722,along_position,723.mp4,light blue Capsule,orange Track
723,723,along_position,724.mp4,dark blue Sphere,red Track
724,724,along_position,725.mp4,dark grey Prism,dark blue Track
725,725,along_position,726.mp4,dark grey Torus,red Track
726,726,along_position,727.mp4,dark grey Arch,orange Track
727,727,along_position,728.mp4,yellow Prism,light blue Track
728,728,along_position,729.mp4,dark blue Cube,orange Track
729,729,along_position,730.mp4,red Cube,yellow Track
730,730,along_position,731.mp4,dark blue Cone,red Track
731,731,along_position,732.mp4,light blue Arch,dark blue Track
732,732,along_position,733.mp4,dark grey Cylinder,green Track
733,733,along_position,734.mp4,orange Cylinder,green Track
734,734,along_position,735.mp4,yellow Pipe,purple Track
735,735,along_position,736.mp4,light blue Arch,yellow Track
736,736,along_position,737.mp4,red Cube,purple Track
737,737,along_position,738.mp4,light blue Capsule,red Track
738,738,along_position,739.mp4,green Cone,dark blue Track
739,739,along_position,740.mp4,red Cube,yellow Track
740,740,along_position,741.mp4,light blue Arch,red Track
741,741,along_position,742.mp4,light blue Arch,green Track
742,742,along_position,743.mp4,red Prism,dark blue Track
743,743,along_position,744.mp4,dark blue Prism,orange Track
744,744,along_position,745.mp4,dark blue Pipe,orange Track
745,745,along_position,746.mp4,dark blue Prism,orange Track
746,746,along_position,747.mp4,orange Cylinder,green Track
747,747,along_position,748.mp4,orange Prism,yellow Track
748,748,along_position,749.mp4,dark grey Cube,red Track
749,749,along_position,750.mp4,dark grey Cone,yellow Track
750,750,along_position,751.mp4,orange Arch,purple Track
751,751,along_position,752.mp4,light blue Capsule,yellow Track
752,752,along_position,753.mp4,green Capsule,dark grey Track
753,753,along_position,754.mp4,orange Arch,light blue Track
754,754,along_position,755.mp4,green Torus,purple Track
755,755,along_position,756.mp4,dark grey Cube,dark blue Track
756,756,along_position,757.mp4,light blue Sphere,purple Track
757,757,along_position,758.mp4,orange Cylinder,dark grey Track
758,758,along_position,759.mp4,purple Cylinder,red Track
759,759,along_position,760.mp4,light blue Torus,purple Track
760,760,along_position,761.mp4,dark blue Torus,green Track
761,761,along_position,762.mp4,orange Capsule,dark grey Track
762,762,along_position,763.mp4,red Cone,orange Track
763,763,along_position,764.mp4,dark grey Pipe,yellow Track
764,764,along_position,765.mp4,purple Pipe,dark blue Track
765,765,along_position,766.mp4,orange Cylinder,red Track
766,766,along_position,767.mp4,dark grey Sphere,dark blue Track
767,767,along_position,768.mp4,dark grey Cube,red Track
768,768,along_position,769.mp4,orange Cube,green Track
769,769,along_position,770.mp4,purple Pipe,dark grey Track
770,770,along_position,771.mp4,dark grey Cube,purple Track
771,771,along_position,772.mp4,red Cylinder,dark grey Track
772,772,along_position,773.mp4,red Cone,green Track
773,773,along_position,774.mp4,dark blue Capsule,dark grey Track
774,774,along_position,775.mp4,green Capsule,purple Track
775,775,along_position,776.mp4,purple Arch,dark grey Track
776,776,along_position,777.mp4,green Cube,purple Track
777,777,along_position,778.mp4,dark grey Sphere,purple Track
778,778,along_position,779.mp4,yellow Arch,green Track
779,779,along_position,780.mp4,orange Pipe,dark grey Track
780,780,along_position,781.mp4,red Pipe,light blue Track
781,781,along_position,782.mp4,dark grey Cone,dark blue Track
782,782,along_position,783.mp4,dark blue Arch,purple Track
783,783,along_position,784.mp4,green Pipe,purple Track
784,784,along_position,785.mp4,yellow Cone,dark blue Track
785,785,along_position,786.mp4,red Sphere,yellow Track
786,786,along_position,787.mp4,purple Cone,dark grey Track
787,787,along_position,788.mp4,light blue Pipe,red Track
788,788,along_position,789.mp4,purple Sphere,light blue Track
789,789,along_position,790.mp4,purple Cylinder,orange Track
790,790,along_position,791.mp4,purple Cylinder,dark blue Track
791,791,along_position,792.mp4,dark blue Sphere,red Track
792,792,along_position,793.mp4,purple Sphere,yellow Track
793,793,along_position,794.mp4,orange Capsule,purple Track
794,794,along_position,795.mp4,green Torus,dark blue Track
795,795,along_position,796.mp4,dark blue Prism,dark grey Track
796,796,along_position,797.mp4,red Prism,light blue Track
797,797,along_position,798.mp4,dark blue Capsule,light blue Track
798,798,along_position,799.mp4,light blue Cone,purple Track
799,799,along_position,800.mp4,orange Prism,light blue Track
800,800,along_position,801.mp4,dark grey Prism,green Track
801,801,along_position,802.mp4,dark grey Capsule,dark blue Track
802,802,along_position,803.mp4,dark blue Pipe,light blue Track
803,803,along_position,804.mp4,purple Torus,yellow Track
804,804,along_position,805.mp4,dark grey Prism,yellow Track
805,805,along_position,806.mp4,purple Cylinder,orange Track
806,806,along_position,807.mp4,dark grey Arch,orange Track
807,807,along_position,808.mp4,red Arch,yellow Track
808,808,along_position,809.mp4,red Cube,dark blue Track
809,809,along_position,810.mp4,orange Torus,light blue Track
810,810,along_position,811.mp4,dark grey Torus,orange Track
811,811,along_position,812.mp4,dark blue Torus,purple Track
812,812,along_position,813.mp4,purple Prism,orange Track
813,813,along_position,814.mp4,light blue Arch,orange Track
814,814,along_position,815.mp4,yellow Cylinder,light blue Track
815,815,along_position,816.mp4,dark grey Cube,purple Track
816,816,along_position,817.mp4,orange Sphere,green Track
817,817,along_position,818.mp4,yellow Torus,dark grey Track
818,818,along_position,819.mp4,dark blue Pipe,yellow Track
819,819,along_position,820.mp4,dark blue Cone,yellow Track
820,820,along_position,821.mp4,green Cube,yellow Track
821,821,along_position,822.mp4,green Torus,orange Track
822,822,along_position,823.mp4,orange Pipe,dark blue Track
823,823,along_position,824.mp4,yellow Sphere,light blue Track
824,824,along_position,825.mp4,dark grey Cube,red Track
825,825,along_position,826.mp4,orange Cube,red Track
826,826,along_position,827.mp4,orange Prism,yellow Track
827,827,along_position,828.mp4,dark blue Prism,purple Track
828,828,along_position,829.mp4,orange Pipe,light blue Track
829,829,along_position,830.mp4,dark grey Torus,purple Track
830,830,along_position,831.mp4,dark grey Pipe,red Track
831,831,along_position,832.mp4,green Pipe,orange Track
832,832,along_position,833.mp4,red Arch,dark blue Track
833,833,along_position,834.mp4,orange Capsule,purple Track
834,834,along_position,835.mp4,dark grey Sphere,orange Track
835,835,along_position,836.mp4,dark grey Cylinder,purple Track
836,836,along_position,837.mp4,dark blue Prism,purple Track
837,837,along_position,838.mp4,light blue Cone,orange Track
838,838,along_position,839.mp4,orange Arch,light blue Track
839,839,along_position,840.mp4,purple Prism,dark grey Track
840,840,along_position,841.mp4,dark grey Arch,green Track
841,841,along_position,842.mp4,green Cylinder,yellow Track
842,842,along_position,843.mp4,orange Capsule,dark blue Track
843,843,along_position,844.mp4,green Sphere,dark blue Track
844,844,along_position,845.mp4,red Cube,dark grey Track
845,845,along_position,846.mp4,purple Arch,dark grey Track
846,846,along_position,847.mp4,light blue Pipe,green Track
847,847,along_position,848.mp4,yellow Cone,orange Track
848,848,along_position,849.mp4,orange Cylinder,dark blue Track
849,849,along_position,850.mp4,yellow Prism,green Track
850,850,along_position,851.mp4,orange Torus,purple Track
851,851,along_position,852.mp4,green Prism,dark grey Track
852,852,along_position,853.mp4,orange Capsule,light blue Track
853,853,along_position,854.mp4,green Torus,red Track
854,854,along_position,855.mp4,light blue Torus,orange Track
855,855,along_position,856.mp4,green Cone,yellow Track
856,856,along_position,857.mp4,orange Prism,green Track
857,857,along_position,858.mp4,green Torus,red Track
858,858,along_position,859.mp4,green Prism,orange Track
859,859,along_position,860.mp4,purple Capsule,dark grey Track
860,860,along_position,861.mp4,green Sphere,yellow Track
861,861,along_position,862.mp4,light blue Capsule,purple Track
862,862,along_position,863.mp4,dark grey Sphere,purple Track
863,863,along_position,864.mp4,dark blue Cone,red Track
864,864,along_position,865.mp4,dark blue Sphere,purple Track
865,865,along_position,866.mp4,yellow Arch,green Track
866,866,along_position,867.mp4,orange Cube,dark grey Track
867,867,along_position,868.mp4,green Cone,purple Track
868,868,along_position,869.mp4,green Sphere,red Track
869,869,along_position,870.mp4,dark grey Cone,light blue Track
870,870,along_position,871.mp4,red Pipe,purple Track
871,871,along_position,872.mp4,purple Capsule,yellow Track
872,872,along_position,873.mp4,dark blue Prism,orange Track
873,873,along_position,874.mp4,purple Prism,orange Track
874,874,along_position,875.mp4,dark blue Capsule,red Track
875,875,along_position,876.mp4,dark grey Cube,green Track
876,876,along_position,877.mp4,orange Cylinder,dark grey Track
877,877,along_position,878.mp4,light blue Pipe,purple Track
878,878,along_position,879.mp4,green Cube,dark blue Track
879,879,along_position,880.mp4,dark grey Prism,orange Track
880,880,along_position,881.mp4,orange Cube,yellow Track
881,881,along_position,882.mp4,light blue Cylinder,dark blue Track
882,882,along_position,883.mp4,dark blue Arch,orange Track
883,883,along_position,884.mp4,green Arch,purple Track
884,884,along_position,885.mp4,yellow Sphere,dark grey Track
885,885,along_position,886.mp4,yellow Prism,purple Track
886,886,along_position,887.mp4,yellow Torus,dark grey Track
887,887,along_position,888.mp4,dark grey Arch,red Track
888,888,along_position,889.mp4,light blue Torus,red Track
889,889,along_position,890.mp4,purple Cylinder,yellow Track
890,890,along_position,891.mp4,red Cone,orange Track
891,891,along_position,892.mp4,orange Prism,light blue Track
892,892,along_position,893.mp4,purple Cylinder,dark blue Track
893,893,along_position,894.mp4,purple Cylinder,yellow Track
894,894,along_position,895.mp4,dark grey Cylinder,red Track
895,895,along_position,896.mp4,green Cube,dark grey Track
896,896,along_position,897.mp4,dark blue Cube,purple Track
897,897,along_position,898.mp4,green Sphere,dark grey Track
898,898,along_position,899.mp4,orange Arch,purple Track
899,899,along_position,900.mp4,purple Pipe,dark grey Track
900,900,along_position,901.mp4,yellow Capsule,light blue Track
901,901,along_position,902.mp4,dark blue Cylinder,yellow Track
902,902,along_position,903.mp4,yellow Capsule,light blue Track
903,903,along_position,904.mp4,red Torus,yellow Track
904,904,along_position,905.mp4,red Capsule,green Track
905,905,along_position,906.mp4,orange Cone,dark blue Track
906,906,along_position,907.mp4,purple Torus,orange Track
907,907,along_position,908.mp4,yellow Cylinder,orange Track
908,908,along_position,909.mp4,orange Prism,red Track
909,909,along_position,910.mp4,green Cone,yellow Track
910,910,along_position,911.mp4,green Prism,yellow Track
911,911,along_position,912.mp4,orange Cube,light blue Track
912,912,along_position,913.mp4,light blue Capsule,red Track
913,913,along_position,914.mp4,orange Prism,purple Track
914,914,along_position,915.mp4,dark grey Pipe,red Track
915,915,along_position,916.mp4,dark grey Cone,light blue Track
916,916,along_position,917.mp4,dark blue Cube,purple Track
917,917,along_position,918.mp4,yellow Cube,orange Track
918,918,along_position,919.mp4,purple Torus,light blue Track
919,919,along_position,920.mp4,dark grey Cube,purple Track
920,920,along_position,921.mp4,green Sphere,purple Track
921,921,along_position,922.mp4,dark grey Prism,purple Track
922,922,along_position,923.mp4,yellow Sphere,green Track
923,923,along_position,924.mp4,purple Cube,orange Track
924,924,along_position,925.mp4,green Cube,orange Track
925,925,along_position,926.mp4,purple Torus,orange Track
926,926,along_position,927.mp4,yellow Prism,dark blue Track
927,927,along_position,928.mp4,yellow Prism,green Track
928,928,along_position,929.mp4,orange Cylinder,light blue Track
929,929,along_position,930.mp4,dark grey Torus,green Track
930,930,along_position,931.mp4,light blue Arch,green Track
931,931,along_position,932.mp4,light blue Cylinder,green Track
932,932,along_position,933.mp4,purple Cone,dark blue Track
933,933,along_position,934.mp4,green Sphere,purple Track
934,934,along_position,935.mp4,dark grey Torus,green Track
935,935,along_position,936.mp4,light blue Pipe,dark blue Track
936,936,along_position,937.mp4,dark grey Arch,dark blue Track
937,937,along_position,938.mp4,red Cone,dark grey Track
938,938,along_position,939.mp4,green Capsule,dark blue Track
939,939,along_position,940.mp4,red Torus,yellow Track
940,940,along_position,941.mp4,dark blue Capsule,red Track
941,941,along_position,942.mp4,dark grey Sphere,purple Track
942,942,along_position,943.mp4,yellow Arch,purple Track
943,943,along_position,944.mp4,red Cone,yellow Track
944,944,along_position,945.mp4,dark blue Capsule,light blue Track
945,945,along_position,946.mp4,green Arch,purple Track
946,946,along_position,947.mp4,orange Cone,purple Track
947,947,along_position,948.mp4,purple Pipe,dark blue Track
948,948,along_position,949.mp4,light blue Torus,purple Track
949,949,along_position,950.mp4,light blue Capsule,yellow Track
950,950,along_position,951.mp4,orange Prism,dark blue Track
951,951,along_position,952.mp4,dark blue Sphere,light blue Track
952,952,along_position,953.mp4,orange Pipe,red Track
953,953,along_position,954.mp4,red Cylinder,dark blue Track
954,954,along_position,955.mp4,dark grey Capsule,dark blue Track
955,955,along_position,956.mp4,yellow Prism,light blue Track
956,956,along_position,957.mp4,purple Sphere,red Track
957,957,along_position,958.mp4,dark grey Capsule,purple Track
958,958,along_position,959.mp4,dark grey Cylinder,dark blue Track
959,959,along_position,960.mp4,green Cube,dark grey Track
960,960,along_position,961.mp4,red Torus,dark grey Track
961,961,along_position,962.mp4,green Cone,yellow Track
962,962,along_position,963.mp4,dark blue Cube,red Track
963,963,along_position,964.mp4,dark grey Cone,green Track
964,964,along_position,965.mp4,green Capsule,light blue Track
965,965,along_position,966.mp4,dark blue Torus,orange Track
966,966,along_position,967.mp4,dark grey Cylinder,green Track
967,967,along_position,968.mp4,orange Cube,yellow Track
968,968,along_position,969.mp4,purple Cone,dark blue Track
969,969,along_position,970.mp4,dark blue Torus,red Track
970,970,along_position,971.mp4,light blue Pipe,red Track
971,971,along_position,972.mp4,red Pipe,green Track
972,972,along_position,973.mp4,orange Capsule,red Track
973,973,along_position,974.mp4,green Arch,purple Track
974,974,along_position,975.mp4,orange Torus,red Track
975,975,along_position,976.mp4,light blue Prism,purple Track
976,976,along_position,977.mp4,green Pipe,light blue Track
977,977,along_position,978.mp4,yellow Sphere,light blue Track
978,978,along_position,979.mp4,light blue Cylinder,purple Track
979,979,along_position,980.mp4,light blue Cube,green Track
980,980,along_position,981.mp4,dark blue Capsule,yellow Track
981,981,along_position,982.mp4,red Capsule,dark grey Track
982,982,along_position,983.mp4,green Cone,purple Track
983,983,along_position,984.mp4,green Prism,red Track
984,984,along_position,985.mp4,purple Cube,yellow Track
985,985,along_position,986.mp4,red Cube,dark blue Track
986,986,along_position,987.mp4,dark blue Cylinder,orange Track
987,987,along_position,988.mp4,dark grey Cylinder,purple Track
988,988,along_position,989.mp4,orange Arch,yellow Track
989,989,along_position,990.mp4,dark blue Pipe,light blue Track
990,990,along_position,991.mp4,dark grey Arch,green Track
991,991,along_position,992.mp4,purple Cone,red Track
992,992,along_position,993.mp4,yellow Arch,purple Track
993,993,along_position,994.mp4,light blue Cone,red Track
994,994,along_position,995.mp4,red Cube,yellow Track
995,995,along_position,996.mp4,red Cylinder,orange Track
996,996,along_position,997.mp4,green Capsule,dark grey Track
997,997,along_position,998.mp4,yellow Cube,orange Track
998,998,along_position,999.mp4,orange Cube,dark blue Track
999,999,along_position,1000.mp4,dark grey Capsule,dark blue Track
